Date,City,Product,Sales,Cost,Customer_ID,Employee_ID
2021-04-13,New York,Camera,114.56,59.57,1507.0,27
2022-03-12,New York,Smartphone,516.23,358.52,2436.0,21
2021-09-28,New York,Smartphone,169.77,88.66,3575.0,16
2021-04-17,Chicago,Headphones,305.25,187.01,4426.0,44
2021-03-13,Chicago,Camera,743.84,551.29,1558.0,40
2022-12-02,New York,Camera,1624.91,1023.76,4834.0,26
2021-01-21,Phoenix,Smartphone,1186.89,948.51,4258.0,16
2022-09-07,Houston,Laptop,1074.07,717.18,4102.0,28
2021-05-02,Houston,Headphones,657.63,392.18,3307.0,1
2022-04-12,Los Angeles,Camera,1870.33,1058.67,1420.0,36
2021-08-03,Phoenix,Smartphone,854.33,517.0,2552.0,10
2021-11-27,Chicago,Camera,265.48,162.41,4622.0,43
2022-04-04,New York,Headphones,1272.43,662.45,,17
2021-03-29,Los Angeles,Headphones,316.29,193.21,1941.0,23
2022-01-08,Houston,Tablet,755.92,483.24,4110.0,7
2021-04-10,Chicago,Smartphone,1064.08,762.76,4560.0,44
2022-10-26,Chicago,Headphones,1761.02,1227.46,4715.0,7
2021-05-11,New York,Tablet,1037.74,739.52,3589.0,44
2022-10-24,Houston,Tablet,1434.29,720.74,4741.0,15
2021-11-05,Phoenix,Camera,1986.35,1122.88,2301.0,34
2021-12-10,Chicago,Camera,349.83,244.36,4274.0,46
2022-05-07,New York,Tablet,621.99,401.31,2089.0,45
2022-02-18,Phoenix,Camera,849.69,426.2,3155.0,4
2022-01-21,Houston,Headphones,901.47,668.3,3315.0,14
2021-07-11,Chicago,Laptop,880.94,644.71,3269.0,14
2021-10-04,Phoenix,Headphones,1824.46,1212.4,2827.0,16
2021-06-10,Phoenix,Tablet,1456.66,757.37,2553.0,7
2022-04-05,Phoenix,Tablet,1255.02,916.11,4161.0,32
2021-11-10,Chicago,Headphones,687.81,464.35,1692.0,19
2021-01-22,Chicago,Camera,1665.2,1223.24,1254.0,2
2021-09-10,Los Angeles,Camera,1914.61,1389.1,2478.0,10
2022-07-15,Houston,Tablet,1660.28,1230.1,3300.0,17
2022-04-20,New York,Smartphone,102.97,67.49,1256.0,37
2021-02-28,Phoenix,Camera,1309.16,709.69,3430.0,12
2022-05-26,Los Angeles,Headphones,197.16,138.28,1441.0,6
2022-11-13,New York,Camera,589.45,404.45,2881.0,22
2022-04-21,Los Angeles,Headphones,213.1,154.0,3646.0,32
2022-12-01,Chicago,Tablet,1247.21,687.17,2113.0,41
2021-07-09,Phoenix,Camera,1404.52,784.41,4820.0,20
2022-11-18,New York,Headphones,317.53,243.58,,1
2022-07-17,New York,Tablet,829.29,601.23,1581.0,47
2022-07-21,New York,Smartphone,966.85,746.86,4115.0,6
2021-09-01,New York,Headphones,801.2,582.96,2735.0,19
2022-05-20,New York,Smartphone,329.95,224.08,4735.0,18
2021-05-11,Los Angeles,Smartphone,896.0,623.83,3645.0,6
2022-04-30,Phoenix,Laptop,1527.24,1170.99,1018.0,45
2022-10-09,Chicago,Camera,234.91,158.25,2124.0,33
2021-01-21,Chicago,Headphones,252.34,174.04,4985.0,23
2021-06-16,Chicago,Smartphone,774.07,423.37,3654.0,23
2021-10-01,Chicago,Laptop,1889.28,1213.25,4837.0,26
2022-01-23,Los Angeles,Tablet,1370.29,979.65,2380.0,13
2022-08-24,Houston,Headphones,1389.47,807.68,2565.0,7
2021-11-12,Phoenix,Smartphone,787.65,441.62,4832.0,15
2021-01-14,New York,Camera,1227.96,729.59,3080.0,44
2021-08-30,Houston,Laptop,119.25,68.26,2993.0,27
2021-12-12,Chicago,Smartphone,,738.66,4300.0,26
2022-07-19,Houston,Camera,1835.25,1151.54,,33
2021-12-06,Phoenix,Smartphone,1263.89,976.17,4701.0,15
2021-04-02,New York,Headphones,1760.03,1147.75,1861.0,36
2022-01-02,New York,Headphones,1475.55,820.96,1154.0,45
2022-03-31,Phoenix,Headphones,329.06,172.13,4494.0,27
2022-03-04,Phoenix,Laptop,1814.66,1286.32,1904.0,5
2022-05-24,Chicago,Headphones,226.24,139.1,2269.0,2
2021-02-04,New York,Camera,1114.54,832.06,1404.0,33
2021-07-25,Houston,Smartphone,370.06,258.25,1843.0,16
2021-03-22,Los Angeles,Tablet,,,2782.0,23
2022-07-16,Los Angeles,Camera,901.87,524.51,2564.0,38
2022-01-23,Phoenix,Camera,660.58,467.5,2184.0,16
2021-01-02,Chicago,Headphones,1023.4,592.77,1746.0,14
2022-01-25,Los Angeles,Laptop,1196.68,,2725.0,29
2022-07-20,New York,Smartphone,183.1,126.51,4188.0,26
2021-04-16,Phoenix,Laptop,333.71,199.34,1270.0,35
2022-04-22,Houston,Smartphone,1161.42,674.61,1769.0,15
2022-12-04,Phoenix,Smartphone,752.02,419.08,2715.0,3
2022-02-06,Houston,Laptop,1485.43,1052.27,2510.0,23
2022-12-31,Phoenix,Camera,1339.35,757.56,4956.0,29
2022-07-10,Phoenix,Smartphone,1706.65,1158.12,1171.0,34
2021-06-11,Phoenix,Laptop,1415.74,820.27,1273.0,33
2021-07-21,Houston,Smartphone,916.87,640.52,3306.0,41
2021-09-27,Houston,Tablet,1378.64,1026.37,2158.0,41
2021-09-28,Phoenix,Camera,623.22,457.07,2706.0,23
2022-04-01,Los Angeles,Headphones,682.0,496.67,4793.0,7
2022-04-07,Chicago,Smartphone,1599.07,889.59,2771.0,3
2022-12-28,Chicago,Tablet,948.2,499.24,,32
2021-09-09,Chicago,Headphones,1616.92,1147.5,2444.0,31
2022-12-03,Houston,Headphones,1662.6,1015.02,2209.0,18
2021-10-23,Houston,Smartphone,1729.37,1088.99,3411.0,43
2022-12-26,Los Angeles,Laptop,1841.61,938.01,4678.0,7
2022-12-21,Chicago,Smartphone,918.87,530.99,3425.0,41
2021-12-04,Chicago,Tablet,705.85,360.06,4594.0,1
2021-02-22,Phoenix,Headphones,1206.18,921.23,1579.0,14
2021-08-05,Houston,Smartphone,805.23,461.41,1890.0,32
2021-07-07,Chicago,Laptop,1242.04,828.69,1721.0,6
2022-01-15,Los Angeles,Smartphone,1440.61,737.15,4267.0,39
2022-05-08,Los Angeles,Camera,1407.97,985.66,1880.0,10
2021-02-10,Chicago,Laptop,811.65,484.48,2121.0,7
2021-06-06,Houston,Tablet,417.03,320.85,3652.0,26
2021-01-15,Los Angeles,Headphones,918.01,703.6,3007.0,34
2021-03-06,Phoenix,Smartphone,370.93,221.66,3069.0,30
2022-06-05,Los Angeles,Laptop,1791.18,1379.72,2473.0,36
2021-12-10,New York,Camera,757.17,604.86,4243.0,21
2021-05-09,New York,Laptop,393.47,294.17,1382.0,17
2022-10-10,Houston,Camera,148.35,111.78,3181.0,33
2022-04-17,Chicago,Tablet,1327.06,762.66,2449.0,10
2021-03-04,Houston,Headphones,1310.11,881.72,4096.0,47
2021-05-19,Houston,Tablet,747.15,388.65,3550.0,42
2022-05-14,Houston,Smartphone,,124.85,4256.0,12
2022-08-16,Houston,Laptop,878.29,702.34,4156.0,16
2022-01-27,Phoenix,Camera,691.31,413.4,2590.0,41
2022-11-06,Phoenix,Camera,1386.53,1004.48,2786.0,32
2022-02-23,Los Angeles,Laptop,1250.98,928.23,1143.0,15
2021-10-16,New York,Laptop,792.73,600.42,2886.0,27
2022-01-14,Houston,Smartphone,514.0,410.83,4981.0,28
2022-05-05,Los Angeles,Tablet,1977.27,1131.89,2702.0,17
2021-08-19,New York,Camera,962.6,492.95,2435.0,46
2021-02-10,Chicago,Smartphone,1407.72,,1223.0,2
2021-01-28,Phoenix,Tablet,367.05,,1219.0,36
2021-05-15,New York,Smartphone,1022.62,518.19,1178.0,7
2021-07-20,Chicago,Camera,152.32,92.63,2654.0,13
2021-02-02,New York,Laptop,1060.36,779.49,,15
2021-02-17,Phoenix,Laptop,1931.63,1293.91,1264.0,25
2022-05-18,Phoenix,Tablet,829.99,492.88,1953.0,23
2022-02-11,Los Angeles,Headphones,174.09,121.22,1428.0,22
2022-07-28,Houston,Tablet,158.82,90.46,4733.0,26
2022-12-29,New York,Headphones,837.17,422.2,3463.0,33
2021-04-09,New York,Smartphone,404.05,294.68,4524.0,11
2022-11-15,Chicago,Smartphone,144.37,99.2,3774.0,10
2022-12-27,Phoenix,Camera,1536.81,1119.86,3244.0,25
2022-07-01,New York,Headphones,971.19,496.94,2577.0,37
2022-09-05,Phoenix,Camera,649.57,487.92,4124.0,48
2022-04-07,New York,Laptop,1810.16,1241.51,1479.0,43
2022-10-05,Los Angeles,Headphones,320.66,214.53,4514.0,38
2021-01-05,Houston,Tablet,1916.25,1317.2,2353.0,41
2021-08-06,New York,Laptop,696.54,528.9,4322.0,45
2022-05-18,Phoenix,Laptop,1787.97,1208.81,4878.0,24
2022-02-02,Los Angeles,Tablet,1245.59,839.88,1889.0,40
2022-01-28,New York,Laptop,1670.74,1331.92,4854.0,46
2021-07-26,Chicago,Headphones,1969.63,1431.96,1924.0,33
2021-01-15,Houston,Camera,647.97,409.96,3170.0,17
2022-07-08,New York,Laptop,1926.16,1371.85,2902.0,24
2022-04-06,Los Angeles,Headphones,,518.1,2410.0,37
2022-11-22,Chicago,Smartphone,832.47,473.39,2362.0,2
2022-07-29,Los Angeles,Headphones,746.74,507.08,1777.0,32
2021-08-29,Los Angeles,Camera,1128.67,878.62,3395.0,24
2022-07-18,Chicago,Headphones,392.88,305.95,1028.0,9
2021-04-06,Los Angeles,Tablet,1152.05,694.19,4022.0,4
2022-04-30,Chicago,Camera,1129.24,743.38,1034.0,17
2022-02-11,New York,Smartphone,1547.61,872.06,4589.0,17
2021-08-19,Chicago,Tablet,1683.93,1344.94,2419.0,48
2022-10-17,Chicago,Headphones,936.84,744.17,3670.0,30
2021-06-20,Houston,Camera,674.43,468.63,4365.0,40
2022-06-25,Chicago,Smartphone,,439.41,1588.0,11
2021-02-05,Chicago,Tablet,469.79,335.68,4420.0,21
2022-06-09,New York,Smartphone,209.53,142.05,4218.0,21
2021-06-09,Houston,Headphones,750.65,387.34,4138.0,18
2022-11-30,Phoenix,Smartphone,613.47,390.43,1903.0,29
2021-08-31,New York,Laptop,1936.19,1360.05,3567.0,24
2021-03-27,New York,Tablet,1159.65,815.53,3169.0,10
2022-08-01,Phoenix,Smartphone,759.83,464.97,1339.0,45
2022-11-13,Chicago,Headphones,1202.89,941.27,1174.0,17
2022-07-11,Los Angeles,Headphones,364.47,200.53,2923.0,18
2022-07-28,Houston,Smartphone,943.68,,2714.0,42
2022-10-08,Los Angeles,Headphones,1289.85,912.27,1596.0,48
2021-01-28,Phoenix,Camera,1028.91,729.64,1450.0,20
2022-09-12,New York,Camera,863.38,599.7,1556.0,37
2022-07-10,New York,Camera,1988.31,1158.36,2159.0,45
2021-12-06,Houston,Laptop,1772.6,969.37,4926.0,18
2021-11-27,New York,Smartphone,,887.29,4087.0,17
2022-10-02,New York,Laptop,1181.82,803.39,2356.0,9
2022-05-21,Houston,Headphones,1279.25,708.46,4266.0,14
2021-12-14,Houston,Laptop,,343.31,4567.0,49
2022-04-18,Phoenix,Headphones,850.76,541.55,3056.0,29
2021-08-19,New York,Headphones,174.97,122.54,,31
2021-07-09,New York,Tablet,1003.54,753.87,3381.0,4
2021-08-13,Phoenix,Camera,1131.75,623.5,4404.0,18
2022-01-20,Chicago,Headphones,532.72,269.42,2016.0,20
2022-01-12,Chicago,Tablet,1931.65,1417.31,3374.0,47
2021-10-10,Chicago,Camera,1827.96,1248.33,3062.0,43
2022-09-25,Phoenix,Headphones,1472.07,1045.01,1838.0,44
2022-09-20,New York,Headphones,,836.68,2637.0,9
2021-09-16,Phoenix,Laptop,1752.94,1298.65,1225.0,13
2021-12-25,Phoenix,Laptop,348.24,274.51,4496.0,15
2022-12-11,Chicago,Camera,1601.97,1058.55,2813.0,27
2022-04-01,Los Angeles,Headphones,337.16,,4479.0,15
2022-02-15,New York,Smartphone,1609.0,998.49,3160.0,28
2022-10-11,Chicago,Laptop,623.96,340.75,3020.0,37
2021-11-14,Los Angeles,Camera,1766.47,1186.68,2451.0,19
2022-11-08,Los Angeles,Headphones,1893.68,1104.21,3048.0,26
2021-08-13,Houston,Headphones,382.71,297.13,3313.0,26
2021-08-22,New York,Smartphone,979.08,660.84,2514.0,25
2022-11-15,Los Angeles,Camera,1963.88,1331.22,2231.0,26
2022-10-26,Chicago,Headphones,1018.47,617.68,2645.0,26
2022-01-09,Houston,Laptop,1740.74,897.52,2735.0,46
2022-11-03,New York,Smartphone,1218.59,620.9,3999.0,28
2022-08-31,Phoenix,Camera,813.13,509.83,4440.0,49
2022-04-17,Chicago,Smartphone,642.99,337.81,1305.0,18
2021-08-21,Los Angeles,Laptop,486.12,331.56,3059.0,32
2022-11-23,Los Angeles,Camera,1547.42,1182.68,4416.0,3
2021-04-23,Chicago,Smartphone,834.43,638.23,4536.0,2
2022-05-12,Los Angeles,Tablet,1071.42,747.54,2723.0,33
2022-03-18,Houston,Laptop,1035.42,583.32,2689.0,42
2022-07-18,New York,Laptop,1196.83,908.27,2517.0,19
2021-09-25,Houston,Laptop,1744.6,1336.06,2391.0,17
2022-05-25,Los Angeles,Tablet,1963.4,1097.53,4917.0,44
2022-01-21,Phoenix,Tablet,874.41,630.65,3984.0,33
2022-01-22,New York,Headphones,1672.29,979.89,1419.0,12
2021-04-23,New York,Smartphone,1552.6,1150.15,3936.0,49
2022-09-05,Chicago,Headphones,1189.71,950.78,4862.0,3
2022-09-17,Chicago,Smartphone,1916.49,975.51,3218.0,43
2021-03-22,Phoenix,Tablet,480.9,369.91,1133.0,49
2022-11-30,New York,Tablet,307.6,211.26,3030.0,26
2021-04-23,Phoenix,Headphones,1722.53,1364.27,4012.0,35
2021-01-02,Chicago,Camera,934.38,597.54,2450.0,8
2022-10-04,Chicago,Headphones,1709.24,1289.14,4096.0,36
2021-08-08,New York,Smartphone,1796.87,932.07,2553.0,7
2022-07-20,Houston,Headphones,218.67,131.33,4261.0,46
2021-08-13,Los Angeles,Laptop,1778.58,925.05,2164.0,46
2022-01-20,Chicago,Smartphone,951.81,754.41,4626.0,36
2022-02-07,Chicago,Smartphone,1069.82,797.11,2869.0,16
2022-09-30,Houston,Camera,1290.53,975.34,2819.0,24
2021-05-10,Houston,Tablet,1860.13,1453.49,3705.0,1
2021-02-22,Phoenix,Smartphone,136.32,71.64,4386.0,49
2022-11-15,Phoenix,Tablet,1006.0,619.37,4515.0,25
2022-12-31,Los Angeles,Headphones,1406.67,733.31,2342.0,10
2022-11-03,Los Angeles,Laptop,1473.14,829.73,2464.0,16
2022-12-11,New York,Camera,1415.81,805.33,4163.0,16
2022-02-20,Phoenix,Tablet,,227.74,3226.0,8
2021-09-04,Chicago,Smartphone,668.85,388.31,2079.0,29
2022-03-15,Phoenix,Tablet,781.56,414.46,2178.0,39
2021-07-22,Chicago,Smartphone,1628.43,896.04,2695.0,28
2021-07-03,Houston,Tablet,629.64,342.64,1110.0,6
2021-05-03,Phoenix,Smartphone,500.34,396.23,3184.0,16
2022-02-05,Houston,Headphones,1919.15,1396.73,3279.0,20
2021-10-21,Los Angeles,Smartphone,116.84,92.34,4039.0,16
2021-10-07,Los Angeles,Smartphone,1995.86,1261.23,1467.0,7
2022-09-02,New York,Laptop,1385.96,808.72,3779.0,41
2021-07-17,Phoenix,Smartphone,1674.09,,3528.0,14
2022-05-26,Houston,Laptop,659.78,394.47,4139.0,43
2021-05-24,Chicago,Camera,127.2,75.02,1813.0,26
2022-09-01,Los Angeles,Laptop,1501.95,855.74,2272.0,26
2021-07-20,Los Angeles,Headphones,,907.98,1993.0,14
2021-05-04,Chicago,Laptop,1506.9,869.39,3031.0,7
2021-07-06,Houston,Camera,371.42,225.3,1322.0,33
2021-11-22,Houston,Headphones,1531.51,1075.42,3969.0,26
2022-04-09,Phoenix,Tablet,1560.95,809.77,1903.0,45
2021-12-15,Phoenix,Tablet,1351.23,760.95,2541.0,20
2022-10-22,New York,Laptop,1555.62,1155.37,2999.0,3
2022-02-07,Los Angeles,Laptop,1707.25,928.87,2815.0,4
2021-12-12,Phoenix,Camera,1265.85,763.05,4503.0,26
2022-05-26,Houston,Camera,268.35,203.78,4558.0,11
2021-05-27,Chicago,Smartphone,1026.49,560.95,3653.0,2
2021-05-28,Houston,Camera,247.53,129.91,3476.0,14
2022-12-12,Los Angeles,Smartphone,874.33,564.26,4340.0,44
2022-05-04,Houston,Headphones,873.5,516.0,4780.0,30
2022-10-02,New York,Laptop,225.42,150.81,4608.0,49
2022-07-05,Los Angeles,Headphones,762.76,565.31,1147.0,12
2021-12-04,Chicago,Camera,310.9,168.24,2141.0,26
2022-10-03,New York,Headphones,1635.65,1102.77,1849.0,44
2022-04-18,Los Angeles,Headphones,,,1366.0,33
2021-05-31,Chicago,Headphones,237.4,128.96,3897.0,13
2022-02-19,New York,Camera,1914.72,1315.79,2089.0,14
2021-10-25,New York,Headphones,,636.17,3038.0,24
2022-09-03,Los Angeles,Smartphone,669.17,432.52,3860.0,34
2021-09-20,Phoenix,Camera,246.04,129.09,4441.0,44
2021-05-24,New York,Headphones,1051.19,670.53,1174.0,26
2021-12-12,New York,Camera,1609.58,952.77,2854.0,21
2022-09-16,Chicago,Tablet,1443.46,1077.85,1587.0,28
2022-07-26,Houston,Smartphone,195.43,101.06,,48
2021-01-02,Los Angeles,Headphones,238.51,149.21,4020.0,36
2021-10-31,Los Angeles,Tablet,865.46,551.76,2137.0,40
2021-09-11,Phoenix,Tablet,661.05,474.3,4182.0,2
2022-10-14,Phoenix,Camera,541.53,364.06,2784.0,42
2022-03-29,Los Angeles,Tablet,633.91,443.84,4510.0,9
2021-02-06,Phoenix,Smartphone,1626.62,1192.5,4786.0,23
2021-06-09,Chicago,Smartphone,1865.53,1415.3,2170.0,15
2021-01-09,Los Angeles,Laptop,869.7,516.74,1034.0,13
2021-08-21,Phoenix,Smartphone,1821.61,1204.83,1998.0,23
2021-04-09,Los Angeles,Tablet,710.84,534.57,2332.0,17
2022-10-21,Houston,Smartphone,1005.23,801.0,3585.0,48
2021-07-27,New York,Camera,529.46,406.02,3797.0,2
2021-05-11,Los Angeles,Laptop,1316.9,805.21,2037.0,20
2022-02-08,New York,Tablet,1960.06,1094.79,1373.0,20
2021-06-01,Phoenix,Laptop,1246.64,806.35,3604.0,46
2021-02-23,New York,Tablet,779.85,563.44,2451.0,3
2021-04-30,Los Angeles,Camera,1330.85,862.09,2751.0,12
2022-11-04,Houston,Laptop,333.55,215.12,3280.0,40
2022-09-20,Phoenix,Headphones,1788.45,1343.96,1704.0,2
2022-08-10,Los Angeles,Tablet,1055.86,642.41,1562.0,36
2022-09-17,Phoenix,Headphones,953.76,722.89,3986.0,14
2022-02-24,Chicago,Laptop,1213.14,754.62,3934.0,16
2022-02-26,New York,Headphones,1287.09,770.28,3773.0,19
2021-04-14,Chicago,Headphones,236.37,150.38,4734.0,34
2021-09-11,Los Angeles,Laptop,1396.97,1018.02,4511.0,44
2021-08-15,Houston,Camera,559.67,300.99,4573.0,46
2021-04-22,Phoenix,Headphones,1456.51,814.08,4346.0,6
2022-05-25,New York,Headphones,,1306.03,2873.0,13
2022-04-18,Phoenix,Camera,1627.52,899.44,3123.0,36
2021-04-09,Los Angeles,Headphones,1149.75,770.7,1438.0,22
2021-06-02,Phoenix,Headphones,1088.32,733.3,4803.0,18
2021-12-04,New York,Headphones,371.46,240.29,2883.0,12
2022-12-07,Los Angeles,Smartphone,1573.16,1090.87,2979.0,30
2021-06-12,Phoenix,Camera,615.68,350.29,1698.0,40
2022-12-21,Houston,Headphones,1043.72,694.91,2312.0,7
2022-11-12,Los Angeles,Camera,640.12,391.53,3962.0,32
2021-06-10,Los Angeles,Tablet,354.27,247.46,2563.0,48
2022-08-03,Houston,Tablet,1296.16,702.99,3938.0,19
2022-02-02,Chicago,Headphones,203.23,136.42,1691.0,6
2021-10-04,New York,Camera,1522.43,845.83,3300.0,20
2022-05-19,Chicago,Camera,703.41,410.51,4197.0,27
2022-01-27,Phoenix,Camera,,56.71,2200.0,43
2021-05-15,Houston,Smartphone,1071.15,594.33,4108.0,37
2021-07-14,Chicago,Tablet,189.02,141.33,3457.0,48
2022-02-05,Los Angeles,Camera,624.72,365.91,2634.0,7
2022-10-02,Phoenix,Camera,1443.26,1123.05,2633.0,5
2021-02-02,Phoenix,Smartphone,219.11,173.31,1126.0,11
2022-11-19,Chicago,Smartphone,1694.74,1137.81,2506.0,15
2022-04-05,Chicago,Camera,107.26,58.23,2191.0,3
2022-04-15,Houston,Laptop,568.97,348.42,3639.0,5
2022-01-10,New York,Camera,1507.72,1114.69,1293.0,23
2021-01-22,Chicago,Camera,700.91,427.71,4916.0,37
2022-11-01,Chicago,Smartphone,293.6,154.46,4709.0,9
2021-02-07,Los Angeles,Smartphone,784.44,523.25,2366.0,15
2021-08-18,Phoenix,Camera,613.75,462.48,2019.0,3
2021-12-31,New York,Camera,,1256.77,3357.0,29
2022-07-17,Los Angeles,Camera,695.36,384.21,3709.0,6
2022-03-14,Houston,Smartphone,1598.97,1122.2,3575.0,17
2021-10-10,Houston,Camera,1794.56,1015.99,3587.0,26
2021-01-27,Chicago,Camera,924.25,522.63,1418.0,21
2021-08-14,Chicago,Headphones,1828.89,1394.02,1443.0,8
2021-10-04,Houston,Laptop,816.9,469.64,1684.0,21
2022-09-01,Chicago,Tablet,1931.75,1118.43,4629.0,11
2021-10-11,New York,Laptop,269.65,134.88,3887.0,38
2022-04-26,Chicago,Headphones,1405.34,1069.75,3283.0,8
2022-03-29,Phoenix,Tablet,1038.25,766.0,2462.0,42
2022-10-21,Chicago,Camera,836.53,575.7,3261.0,24
2022-05-31,Los Angeles,Headphones,1302.15,944.16,,35
2022-07-01,New York,Camera,1437.33,784.23,3841.0,14
2021-07-11,Los Angeles,Smartphone,108.29,69.03,2767.0,14
2021-02-18,Los Angeles,Headphones,417.21,252.56,1084.0,10
2022-05-27,Phoenix,Smartphone,1454.79,768.32,2944.0,12
2021-01-17,New York,Headphones,1366.13,882.3,4560.0,38
2021-06-21,New York,Headphones,1935.49,1502.37,3112.0,44
2021-08-08,New York,Smartphone,1545.97,791.56,2669.0,46
2021-06-07,New York,Tablet,1906.47,1119.93,1662.0,34
2022-04-22,New York,Laptop,1434.83,806.75,1626.0,41
2021-02-15,Phoenix,Camera,666.3,380.75,1063.0,10
2022-01-08,Chicago,Headphones,300.19,231.91,4414.0,17
2022-06-02,Los Angeles,Camera,,1015.37,3986.0,17
2021-04-09,New York,Smartphone,1323.88,847.14,4946.0,3
2021-02-06,Chicago,Camera,191.55,139.48,1918.0,31
2021-10-07,Chicago,Smartphone,784.1,428.39,2375.0,1
2021-12-15,Los Angeles,Camera,1917.92,1239.32,2181.0,12
2022-05-12,Phoenix,Laptop,1050.76,660.92,,39
2021-10-29,Houston,Laptop,922.19,626.23,1490.0,4
2021-06-30,Houston,Laptop,,775.58,4729.0,42
2022-08-30,Chicago,Laptop,496.88,363.14,2878.0,13
2021-04-09,Los Angeles,Laptop,800.54,495.82,4534.0,34
2022-12-01,Houston,Laptop,802.65,600.6,4296.0,42
2021-04-26,Chicago,Smartphone,199.47,109.95,2940.0,21
2021-07-10,Phoenix,Headphones,1558.38,793.43,1312.0,22
2021-09-10,Houston,Camera,891.36,500.35,3662.0,4
2021-06-10,Chicago,Laptop,1662.14,1000.81,1918.0,18
2021-09-13,Chicago,Smartphone,1715.66,1120.62,2882.0,5
2021-11-19,New York,Smartphone,502.79,344.18,1812.0,19
2021-05-08,Phoenix,Smartphone,1348.97,1043.0,3987.0,2
2021-01-18,New York,Headphones,997.34,651.22,2489.0,12
2022-07-20,Los Angeles,Camera,,1152.67,4159.0,17
2022-07-24,New York,Headphones,509.91,262.64,4954.0,10
2021-11-19,New York,Tablet,1387.85,708.46,2326.0,34
2022-11-17,Houston,Smartphone,1254.73,834.83,1679.0,6
2022-09-18,Chicago,Tablet,661.07,417.44,1434.0,8
2021-10-15,Phoenix,Laptop,359.54,270.29,1681.0,11
2022-10-25,New York,Laptop,1338.12,733.56,2158.0,12
2022-10-01,Phoenix,Headphones,1503.34,762.93,2073.0,9
2021-06-04,New York,Camera,699.69,444.1,2455.0,2
2022-05-05,Los Angeles,Tablet,1325.18,757.0,3387.0,8
2022-01-21,New York,Camera,850.75,438.04,3394.0,11
2021-04-14,Houston,Headphones,1455.09,1043.85,3693.0,36
2022-01-28,Chicago,Laptop,478.51,255.27,2370.0,10
2021-09-03,Los Angeles,Camera,1791.41,1222.63,1648.0,21
2021-06-25,New York,Camera,646.08,377.51,1244.0,20
2021-02-08,Phoenix,Laptop,798.79,440.97,3156.0,48
2022-04-22,Los Angeles,Tablet,210.37,129.15,4896.0,8
2022-11-13,Los Angeles,Laptop,311.87,230.92,4870.0,36
2022-06-22,New York,Camera,1080.14,667.12,3580.0,29
2022-02-12,Los Angeles,Tablet,608.43,441.25,4161.0,42
2022-06-09,Phoenix,Tablet,1687.41,907.23,1295.0,12
2022-05-21,Los Angeles,Laptop,127.92,93.62,3159.0,14
2021-02-05,Phoenix,Camera,820.28,468.45,4884.0,48
2022-11-16,New York,Headphones,740.96,521.06,2612.0,21
2021-01-20,Chicago,Camera,136.72,91.57,4248.0,22
2021-11-17,Los Angeles,Smartphone,336.3,261.89,3390.0,21
2022-05-27,Chicago,Headphones,885.92,545.9,4731.0,44
2022-02-04,Phoenix,Tablet,1036.44,538.79,3148.0,30
2022-10-16,Los Angeles,Headphones,868.15,439.06,4829.0,39
2022-04-16,Houston,Tablet,,829.43,3676.0,20
2021-05-23,Chicago,Tablet,1230.75,809.12,2627.0,24
2021-04-02,Los Angeles,Headphones,118.86,87.07,4472.0,23
2021-12-20,Chicago,Tablet,981.78,559.94,1027.0,7
2022-12-28,Los Angeles,Tablet,1930.65,1165.2,3984.0,9
2021-02-20,New York,Smartphone,1086.16,552.89,2985.0,1
2022-10-27,Chicago,Camera,1387.33,1093.84,2560.0,26
2022-11-29,Houston,Camera,692.54,485.03,1057.0,38
2022-07-29,Houston,Smartphone,1570.58,1224.99,2521.0,38
2021-07-09,Phoenix,Headphones,1568.55,909.21,1296.0,44
2021-05-05,Los Angeles,Laptop,1090.46,745.26,3181.0,22
2021-05-30,Chicago,Laptop,1954.43,1375.04,4402.0,44
2021-11-10,Phoenix,Laptop,338.55,201.53,3296.0,10
2022-07-24,Chicago,Smartphone,132.2,99.74,4068.0,6
2021-12-08,Los Angeles,Smartphone,1563.3,1225.86,3597.0,17
2021-11-01,Houston,Tablet,1633.6,1250.45,1901.0,38
2022-11-23,New York,Laptop,328.39,237.01,2964.0,24
2022-11-13,Houston,Headphones,604.61,352.63,2098.0,10
2021-02-23,Phoenix,Headphones,133.35,77.94,2677.0,8
2022-03-20,New York,Laptop,657.29,518.61,3881.0,21
2022-09-05,Phoenix,Laptop,1568.97,,2191.0,6
2021-09-21,Los Angeles,Laptop,1084.13,774.95,1770.0,21
2021-02-22,New York,Smartphone,761.38,542.01,2526.0,39
2022-07-26,Phoenix,Smartphone,806.3,553.77,4956.0,24
2022-09-12,Los Angeles,Smartphone,,81.75,2378.0,33
2021-01-05,Houston,Camera,669.62,397.46,2248.0,18
2021-04-13,Los Angeles,Headphones,1328.27,799.61,4735.0,28
2021-07-15,Chicago,Headphones,1950.97,1021.69,2554.0,32
2021-12-16,Los Angeles,Tablet,1709.42,1081.79,1145.0,12
2021-02-16,Los Angeles,Smartphone,144.83,83.76,2983.0,48
2022-10-18,Chicago,Camera,1807.27,1089.81,2264.0,42
2021-09-26,Phoenix,Camera,1588.08,1191.65,2907.0,27
2022-01-05,Phoenix,Headphones,1582.71,1235.54,3940.0,10
2022-09-28,Los Angeles,Smartphone,970.19,539.15,3391.0,46
2021-04-16,Chicago,Tablet,856.21,523.79,2772.0,42
2022-11-01,Chicago,Smartphone,675.54,525.97,2058.0,32
2022-10-21,Houston,Laptop,224.82,116.58,3749.0,42
2022-10-19,Phoenix,Smartphone,533.65,281.61,3048.0,26
2021-04-30,New York,Laptop,568.55,312.04,3019.0,25
2022-08-27,Phoenix,Laptop,1019.75,691.97,1152.0,11
2021-02-27,Phoenix,Tablet,1520.14,828.69,3476.0,23
2021-12-12,Houston,Headphones,1000.24,790.61,1507.0,34
2022-04-19,New York,Smartphone,209.9,133.08,4197.0,40
2021-04-27,Houston,Laptop,,1248.74,1490.0,23
2021-05-07,New York,Smartphone,1891.18,1085.53,4553.0,29
2022-01-28,Los Angeles,Headphones,1591.86,,1344.0,31
2022-10-03,New York,Headphones,,1385.64,2935.0,7
2021-02-27,Houston,Camera,1134.52,822.93,2761.0,40
2022-09-26,Phoenix,Headphones,,1400.95,1220.0,33
2022-05-28,New York,Tablet,243.65,164.07,2938.0,21
2021-04-06,New York,Laptop,794.79,613.03,2942.0,2
2022-09-30,Chicago,Camera,528.22,,1722.0,18
2021-04-28,Phoenix,Tablet,472.08,343.26,4096.0,47
2022-07-14,Los Angeles,Smartphone,367.53,189.9,1527.0,33
2022-08-24,Houston,Laptop,1282.59,643.94,4253.0,37
2022-05-03,Los Angeles,Headphones,1584.51,893.24,2522.0,34
2021-08-25,Phoenix,Laptop,1198.77,838.01,3888.0,20
2021-09-29,New York,Smartphone,379.23,236.4,2664.0,35
2021-07-08,New York,Camera,1641.14,1018.69,4113.0,18
2022-12-05,Phoenix,Camera,1308.31,1001.35,4986.0,46
2022-03-23,New York,Camera,837.51,643.77,1480.0,24
2022-08-04,New York,Headphones,1380.85,1067.06,3977.0,8
2021-09-04,New York,Tablet,593.82,352.83,2871.0,30
2021-03-17,Houston,Tablet,755.87,534.64,4819.0,44
2021-06-03,Houston,Laptop,1843.22,1071.81,3919.0,10
2022-10-18,Chicago,Headphones,,363.26,2462.0,23
2022-03-11,Los Angeles,Camera,992.98,551.49,2425.0,49
2021-03-27,Phoenix,Camera,1791.27,1079.48,4617.0,11
2022-11-28,Phoenix,Smartphone,1444.67,,1344.0,2
2021-10-12,Phoenix,Smartphone,218.19,163.49,4964.0,26
2021-08-08,Chicago,Camera,379.88,203.6,1044.0,36
2021-03-10,Houston,Camera,114.9,82.78,4717.0,33
2021-02-16,Chicago,Headphones,1298.75,856.44,3068.0,47
2021-04-04,Phoenix,Tablet,950.58,557.4,2657.0,13
2022-03-29,Los Angeles,Smartphone,355.12,230.06,4141.0,40
2021-07-23,New York,Tablet,1920.07,1132.81,2887.0,25
2021-08-06,Houston,Headphones,1106.35,751.02,3920.0,4
2022-04-19,Houston,Camera,,352.63,3095.0,42
2022-03-08,Chicago,Tablet,,577.42,2514.0,19
2021-12-07,Houston,Camera,1391.28,744.3,3598.0,18
2022-07-05,Phoenix,Camera,244.85,162.58,3334.0,37
2022-09-04,Phoenix,Laptop,621.94,479.34,2001.0,30
2021-10-16,Chicago,Tablet,1633.23,985.14,2033.0,19
2021-09-11,Phoenix,Tablet,,700.72,3589.0,23
2021-12-23,Los Angeles,Camera,1138.5,794.22,3040.0,16
2021-01-23,Chicago,Headphones,922.35,718.94,3803.0,1
2022-06-06,Los Angeles,Laptop,183.41,136.88,1273.0,12
2021-04-10,New York,Camera,,277.99,1955.0,24
2021-06-29,Los Angeles,Smartphone,946.53,659.83,3647.0,34
2021-08-11,New York,Smartphone,497.45,382.8,2779.0,8
2022-10-21,New York,Laptop,,120.85,1380.0,18
2022-03-18,Los Angeles,Headphones,1702.93,1018.42,2352.0,48
2022-08-31,Chicago,Camera,1964.27,988.51,1478.0,5
2021-11-21,Phoenix,Tablet,1606.97,1201.96,3062.0,26
2022-05-31,Phoenix,Laptop,1722.19,1274.93,1515.0,30
2021-01-16,New York,Headphones,559.76,297.42,1190.0,13
2021-12-02,New York,Tablet,1925.19,1295.76,2191.0,19
2021-09-15,Chicago,Smartphone,474.16,303.08,,29
2022-05-12,Houston,Smartphone,1907.72,1021.8,3668.0,3
2021-06-09,Los Angeles,Tablet,1990.16,1580.53,2160.0,26
2022-04-20,New York,Laptop,1452.27,819.67,3201.0,40
2022-10-26,Phoenix,Smartphone,1964.17,1021.7,2411.0,12
2022-11-21,Chicago,Camera,1182.13,802.02,4280.0,2
2022-11-06,Los Angeles,Tablet,593.13,428.04,1271.0,11
2022-01-15,Chicago,Tablet,930.29,474.2,1142.0,44
2022-06-29,Los Angeles,Smartphone,1227.77,856.51,4682.0,28
2022-11-22,Los Angeles,Laptop,238.85,157.57,2912.0,18
2022-03-03,New York,Camera,1282.45,680.95,4891.0,13
2022-09-05,Chicago,Laptop,1964.24,1083.78,2092.0,37
2021-09-25,Chicago,Headphones,461.2,309.18,3294.0,22
2022-07-31,Phoenix,Headphones,1605.93,945.74,4332.0,12
2022-02-21,Phoenix,Smartphone,1825.01,1426.24,1787.0,2
2021-06-17,New York,Smartphone,1893.03,1411.48,3126.0,37
2021-02-12,New York,Smartphone,1924.26,1529.92,2681.0,7
2022-07-10,Houston,Headphones,1090.77,630.36,1622.0,26
2021-10-12,Phoenix,Laptop,1956.89,1547.74,4841.0,26
2022-02-01,Los Angeles,Laptop,1538.89,968.53,4676.0,24
2021-01-12,Chicago,Smartphone,407.18,246.04,3572.0,12
2022-08-30,New York,Camera,1006.11,518.25,3819.0,16
2021-10-29,Chicago,Laptop,1464.83,755.6,1937.0,23
2021-09-10,Chicago,Headphones,,403.3,4692.0,40
2022-05-14,Houston,Tablet,1317.17,,4401.0,9
2021-02-04,Phoenix,Tablet,1366.54,776.14,4260.0,32
2022-12-28,New York,Tablet,409.13,279.92,2118.0,15
2021-03-31,Chicago,Camera,1173.66,675.86,1616.0,37
2022-08-28,New York,Smartphone,1566.09,1054.43,2031.0,13
2022-08-25,Los Angeles,Headphones,1047.9,636.87,1066.0,5
2022-02-22,Houston,Camera,123.0,,4567.0,11
2021-04-25,Los Angeles,Headphones,117.17,87.43,1190.0,10
2022-09-09,New York,Headphones,778.36,500.65,,13
2021-07-15,New York,Smartphone,1859.77,1125.62,3815.0,41
2022-05-16,Phoenix,Tablet,534.49,325.38,1520.0,46
2022-09-18,Chicago,Smartphone,1305.29,968.15,1989.0,15
2022-05-08,Chicago,Camera,521.94,312.36,2140.0,42
2021-03-16,Los Angeles,Camera,711.17,400.19,3314.0,7
2022-02-17,Houston,Camera,1711.28,899.12,2634.0,40
2022-01-11,Chicago,Smartphone,1484.84,,3532.0,28
2022-02-24,Phoenix,Headphones,281.26,181.31,4580.0,32
2022-12-30,Los Angeles,Headphones,,687.98,4369.0,35
2021-10-04,Los Angeles,Laptop,155.42,88.03,4980.0,15
2022-11-07,Phoenix,Camera,,622.71,2187.0,48
2022-01-29,Houston,Headphones,1358.62,1008.8,1375.0,36
2022-04-02,Phoenix,Laptop,325.15,242.92,1652.0,21
2021-07-11,Houston,Headphones,648.88,399.31,4339.0,6
2022-11-20,Phoenix,Camera,855.89,545.83,1548.0,1
2021-04-09,Phoenix,Tablet,1847.11,1091.62,2097.0,4
2022-07-02,New York,Camera,1987.18,1549.54,4579.0,11
2021-04-06,Los Angeles,Smartphone,185.33,,1072.0,44
2022-10-26,Phoenix,Headphones,1545.92,1206.01,3355.0,26
2022-10-25,Phoenix,Headphones,806.28,568.56,1198.0,37
2021-07-09,Chicago,Smartphone,845.67,557.7,4201.0,23
2021-02-06,Los Angeles,Smartphone,1533.1,,2781.0,29
2022-01-04,Chicago,Tablet,1845.01,1185.75,4895.0,21
2022-11-26,Los Angeles,Headphones,1906.76,1186.62,1571.0,48
2022-06-09,Chicago,Headphones,1196.53,656.14,1790.0,45
2021-10-06,Phoenix,Tablet,778.53,542.58,,45
2021-08-05,Phoenix,Laptop,1596.34,1263.26,2831.0,49
2021-09-30,New York,Tablet,576.9,385.75,2855.0,27
2021-03-03,Chicago,Camera,1171.74,837.12,2510.0,39
2022-08-19,Houston,Headphones,781.3,406.69,4924.0,40
2022-12-30,New York,Smartphone,1347.6,842.65,2174.0,13
2021-12-08,Chicago,Camera,556.76,297.82,4740.0,23
2022-02-01,Chicago,Headphones,464.03,317.32,4277.0,16
2022-11-30,New York,Tablet,1844.65,1441.68,1178.0,30
2021-01-19,Phoenix,Camera,293.43,204.97,3244.0,4
2021-06-26,Chicago,Headphones,1061.32,555.11,1734.0,40
2022-09-04,Phoenix,Laptop,519.62,315.1,3136.0,16
2022-01-31,New York,Laptop,173.97,115.72,1798.0,31
2022-03-21,Phoenix,Smartphone,168.44,104.59,4505.0,42
2021-08-21,Los Angeles,Headphones,432.92,324.73,1787.0,25
2021-03-17,Houston,Laptop,1746.86,1300.36,3795.0,44
2021-09-22,Chicago,Tablet,636.71,435.22,4254.0,12
2022-03-31,Houston,Headphones,1905.87,1166.46,1208.0,26
2022-12-19,Phoenix,Tablet,1205.08,694.85,1492.0,37
2022-01-19,Chicago,Tablet,929.57,494.31,4201.0,48
2022-07-18,Phoenix,Laptop,1202.17,729.08,3712.0,33
2022-05-21,Los Angeles,Headphones,1081.73,674.95,4084.0,28
2022-01-02,New York,Camera,1541.67,1083.4,2657.0,9
2021-05-24,Chicago,Laptop,636.74,444.09,3918.0,12
2021-03-10,Los Angeles,Laptop,770.8,401.61,1731.0,5
2021-04-09,Los Angeles,Headphones,1798.78,1112.69,2129.0,28
2022-01-31,Chicago,Headphones,1898.27,1052.65,4446.0,35
2021-01-25,Phoenix,Tablet,1795.86,982.41,2605.0,5
2022-04-14,Los Angeles,Headphones,896.95,,4778.0,34
2022-04-29,Houston,Tablet,1582.69,811.25,3745.0,46
2022-07-19,Los Angeles,Laptop,1005.04,628.91,,34
2021-05-31,Phoenix,Smartphone,1045.33,575.41,1593.0,13
2021-05-24,Phoenix,Camera,488.89,373.41,4658.0,39
2022-07-23,Houston,Laptop,1223.15,815.98,3933.0,42
2021-02-08,Los Angeles,Headphones,453.66,258.32,3899.0,45
2021-04-19,Phoenix,Camera,729.97,475.01,2215.0,48
2022-11-24,Chicago,Smartphone,1724.56,,1324.0,14
2021-02-11,New York,Smartphone,493.44,388.55,1978.0,11
2021-07-05,New York,Tablet,,133.15,2749.0,42
2022-02-02,New York,Camera,231.11,177.0,2850.0,38
2021-08-11,Los Angeles,Tablet,1887.49,1472.79,4003.0,4
2022-09-26,Houston,Laptop,1063.15,823.86,2490.0,33
2021-05-13,Phoenix,Camera,877.88,606.29,1893.0,7
2021-06-12,Chicago,Laptop,1640.67,1130.33,2390.0,41
2021-08-03,Chicago,Tablet,1688.07,1048.23,4389.0,8
2021-08-23,Los Angeles,Camera,731.16,530.62,1143.0,37
2022-10-20,New York,Tablet,1417.87,934.93,1383.0,10
2022-08-11,Los Angeles,Camera,1565.13,1100.65,3263.0,43
2021-01-09,Houston,Tablet,1343.84,844.65,4432.0,15
2021-03-15,Houston,Smartphone,388.03,279.17,3371.0,38
2022-05-07,Phoenix,Tablet,1764.18,1318.44,4086.0,15
2021-09-10,Phoenix,Smartphone,1124.28,611.53,1216.0,5
2021-08-18,Houston,Tablet,636.7,477.45,2515.0,29
2022-06-03,Houston,Camera,907.93,601.13,3998.0,19
2021-06-23,Houston,Camera,171.39,129.13,4618.0,10
2022-10-15,Los Angeles,Camera,342.95,215.85,3230.0,12
2021-06-17,Houston,Headphones,1554.54,954.04,3317.0,4
2021-06-19,Chicago,Laptop,100.02,77.47,3992.0,31
2022-01-28,New York,Camera,891.48,512.91,2490.0,18
2022-09-26,Houston,Smartphone,1092.77,823.14,3917.0,16
2021-07-13,New York,Camera,203.81,131.5,2635.0,40
2022-06-01,Los Angeles,Headphones,1948.85,1274.99,4590.0,36
2021-01-29,New York,Smartphone,529.64,313.83,4613.0,25
2021-06-14,Los Angeles,Headphones,677.98,455.54,3514.0,23
2022-02-26,Chicago,Smartphone,677.49,404.84,,12
2021-12-05,Los Angeles,Tablet,537.79,275.23,2167.0,34
2022-10-10,Los Angeles,Laptop,102.8,59.79,1110.0,36
2022-05-11,Phoenix,Laptop,1485.76,745.72,2013.0,37
2021-12-31,Houston,Headphones,1937.01,1537.03,1231.0,3
2021-12-08,Houston,Laptop,,415.52,2714.0,9
2022-05-15,Chicago,Headphones,1359.79,841.09,4655.0,18
2022-10-19,Chicago,Headphones,1509.6,1084.66,4793.0,43
2022-05-26,Houston,Headphones,1712.01,1033.61,2755.0,35
2021-11-23,Phoenix,Laptop,903.0,633.3,4663.0,34
2021-08-05,Houston,Headphones,675.57,501.02,4571.0,41
2021-10-28,Phoenix,Laptop,718.06,562.98,3642.0,14
2021-05-12,Chicago,Headphones,1453.98,901.56,2577.0,4
2021-03-11,New York,Camera,1651.88,1214.11,2296.0,29
2021-09-09,Chicago,Headphones,445.07,258.04,4774.0,41
2022-02-19,Chicago,Smartphone,804.79,641.5,3220.0,45
2022-03-21,Los Angeles,Headphones,1813.69,920.87,1972.0,15
2021-07-01,Los Angeles,Tablet,1632.72,1111.98,2030.0,28
2021-06-16,Los Angeles,Headphones,1971.23,1375.63,4226.0,42
2021-04-01,Los Angeles,Smartphone,1533.07,1082.98,4593.0,16
2022-12-15,Phoenix,Smartphone,847.07,454.13,3593.0,12
2022-06-15,Houston,Laptop,1222.21,955.23,3595.0,5
2021-02-08,New York,Camera,1355.93,751.67,4992.0,34
2021-05-06,Chicago,Headphones,249.07,171.07,1517.0,42
2022-03-27,Phoenix,Laptop,1134.54,643.06,4991.0,1
2021-06-22,New York,Camera,1447.71,857.28,,39
2022-10-15,Phoenix,Headphones,417.91,277.47,3262.0,32
2021-08-08,Phoenix,Tablet,1583.2,989.75,3181.0,26
2022-09-30,Chicago,Headphones,1209.17,662.71,3332.0,17
2021-02-27,Houston,Smartphone,1909.22,1052.52,4197.0,48
2022-10-22,Los Angeles,Smartphone,180.6,112.96,2944.0,27
2022-04-21,Houston,Tablet,604.12,439.31,2462.0,24
2022-04-01,Chicago,Laptop,1242.95,956.31,2872.0,35
2021-12-27,Chicago,Camera,663.46,348.47,3733.0,46
2021-01-01,Chicago,Headphones,1457.41,900.58,4223.0,42
2022-01-22,New York,Smartphone,1542.11,817.43,3378.0,39
2021-12-14,Houston,Laptop,294.78,148.86,4609.0,26
2021-07-09,Houston,Tablet,1076.32,751.83,4454.0,49
2022-05-20,Phoenix,Smartphone,1066.89,726.27,4186.0,38
2021-07-10,Phoenix,Tablet,801.63,440.02,3941.0,23
2022-05-23,Phoenix,Headphones,1872.56,1067.63,4553.0,22
2022-01-04,Chicago,Camera,1672.26,848.02,2307.0,4
2022-02-13,Houston,Smartphone,1424.7,1069.21,1898.0,49
2021-04-27,Chicago,Smartphone,1457.22,1154.71,2098.0,9
2021-05-14,New York,Headphones,977.26,528.34,2189.0,4
2021-02-27,Phoenix,Laptop,1849.89,1053.41,2212.0,7
2022-07-10,Chicago,Camera,1419.73,1079.74,3125.0,23
2022-11-16,Chicago,Smartphone,1485.06,1155.29,3994.0,2
2022-11-03,New York,Camera,1737.21,1087.3,4673.0,49
2021-06-22,Los Angeles,Smartphone,620.74,319.8,1687.0,24
2021-05-29,Houston,Camera,1633.43,836.02,3068.0,40
2021-03-21,Los Angeles,Tablet,470.96,316.57,1565.0,31
2021-08-01,Phoenix,Smartphone,,467.2,2207.0,47
2021-07-22,Chicago,Camera,737.66,375.17,2894.0,31
2021-08-17,New York,Laptop,1959.2,1322.41,4293.0,47
2022-11-07,New York,Tablet,1727.42,869.57,1826.0,40
2021-08-15,Houston,Tablet,1432.22,1054.42,2351.0,48
2022-10-21,Los Angeles,Laptop,1481.41,876.89,3226.0,43
2022-06-16,Houston,Camera,1167.94,598.08,2811.0,34
2022-03-17,Chicago,Headphones,1899.47,1285.0,4183.0,24
2022-02-06,Houston,Laptop,1042.89,645.87,4807.0,49
2021-02-16,New York,Camera,822.98,651.92,4797.0,26
2021-08-21,New York,Laptop,409.77,271.78,2082.0,16
2021-11-01,Phoenix,Laptop,1593.79,928.5,2350.0,47
2022-06-10,Phoenix,Smartphone,1495.44,1066.0,3952.0,13
2021-05-23,Chicago,Camera,830.27,482.76,2644.0,15
2022-02-19,Los Angeles,Headphones,147.87,114.05,4968.0,27
2022-05-28,Houston,Smartphone,1694.09,1037.49,3716.0,4
2022-01-08,Chicago,Laptop,121.69,80.92,1190.0,16
2022-07-20,Phoenix,Laptop,1437.03,740.32,2223.0,30
2021-09-16,Houston,Laptop,1943.49,1220.19,2335.0,44
2022-10-18,Phoenix,Camera,931.56,698.4,1707.0,30
2022-04-16,Houston,Camera,546.45,405.3,4106.0,36
2021-01-12,Los Angeles,Smartphone,,816.48,1378.0,3
2021-11-26,Chicago,Headphones,1652.54,938.35,1386.0,22
2021-12-24,Houston,Smartphone,1138.22,848.19,4829.0,49
2022-02-12,New York,Tablet,1937.37,1509.44,3284.0,22
2022-10-30,New York,Laptop,198.17,104.75,1615.0,49
2022-01-08,Houston,Laptop,1059.11,672.55,,12
2021-01-08,Houston,Laptop,1465.06,880.85,3330.0,21
2021-05-02,Houston,Smartphone,1739.02,1323.75,3048.0,4
2021-12-14,New York,Smartphone,440.59,231.34,2754.0,31
2022-11-07,New York,Laptop,1620.01,912.61,1463.0,44
2021-03-31,Houston,Smartphone,1150.14,834.7,4301.0,31
2022-10-10,Phoenix,Camera,853.45,439.86,1966.0,23
2022-11-29,Phoenix,Camera,350.26,226.88,1171.0,20
2021-11-12,Los Angeles,Smartphone,1744.06,1103.35,4158.0,15
2021-06-27,Chicago,Laptop,398.82,239.42,4624.0,23
2022-06-24,Phoenix,Smartphone,688.6,425.81,2146.0,28
2021-02-10,New York,Smartphone,651.09,429.06,1842.0,16
2022-12-05,Phoenix,Smartphone,1755.69,962.84,2321.0,37
2022-05-17,Los Angeles,Tablet,1378.14,925.56,2908.0,21
2021-05-25,Los Angeles,Camera,1613.69,1196.76,1689.0,15
2021-07-20,Chicago,Headphones,575.89,419.28,3622.0,17
2022-12-25,Phoenix,Headphones,1287.26,703.06,2507.0,37
2022-04-06,New York,Tablet,1186.32,646.28,3212.0,13
2022-07-12,New York,Smartphone,1682.38,976.54,3024.0,19
2022-07-01,Houston,Tablet,1821.57,,2722.0,30
2021-09-10,New York,Tablet,123.1,76.63,1382.0,45
2022-01-25,Chicago,Laptop,1380.64,971.85,3256.0,18
2022-08-17,Chicago,Camera,198.49,102.62,4810.0,14
2021-09-13,New York,Headphones,1142.83,583.3,4503.0,36
2022-12-10,New York,Smartphone,646.5,399.26,2412.0,36
2022-03-26,Houston,Headphones,682.88,484.26,2583.0,20
2021-01-10,New York,Headphones,770.62,430.03,3271.0,19
2021-08-30,Houston,Camera,1280.46,886.66,3050.0,45
2021-09-08,Houston,Headphones,734.69,424.61,1371.0,44
2021-01-05,New York,Headphones,1492.13,1142.71,2710.0,7
2021-04-29,Los Angeles,Tablet,868.6,667.7,2469.0,44
2022-01-09,Los Angeles,Camera,229.87,135.44,1610.0,4
2021-03-06,Houston,Laptop,1589.14,904.22,1115.0,34
2021-05-26,New York,Smartphone,642.94,400.8,4341.0,2
2021-08-12,Los Angeles,Headphones,922.26,527.68,1446.0,5
2021-08-27,New York,Smartphone,,984.04,2391.0,10
2021-06-26,New York,Laptop,731.67,547.16,4324.0,32
2021-10-09,New York,Smartphone,207.51,,2340.0,42
2021-03-04,Phoenix,Laptop,810.45,605.65,1414.0,41
2021-08-05,New York,Tablet,1894.45,1172.85,4166.0,13
2022-11-20,Phoenix,Headphones,1319.3,721.52,2808.0,39
2022-04-06,Houston,Laptop,1375.81,992.49,3939.0,5
2022-09-02,Los Angeles,Smartphone,1301.34,791.4,2047.0,10
2021-04-15,Los Angeles,Headphones,478.09,335.32,4699.0,10
2021-04-09,Los Angeles,Tablet,894.83,520.07,3710.0,38
2022-05-26,Los Angeles,Headphones,1526.79,,2873.0,27
2022-01-20,Los Angeles,Laptop,292.61,233.44,2073.0,21
2022-02-09,Los Angeles,Tablet,627.92,343.38,4573.0,8
2022-06-02,Los Angeles,Smartphone,625.01,497.84,1717.0,1
2022-04-21,Houston,Tablet,920.84,730.4,4569.0,28
2022-12-10,New York,Tablet,1962.7,1448.76,2358.0,49
2022-10-07,Chicago,Camera,,159.28,4150.0,39
2022-03-13,Phoenix,Tablet,1085.53,730.93,2605.0,14
2021-01-23,Chicago,Tablet,440.79,334.93,4098.0,21
2022-07-19,Chicago,Headphones,1944.29,1140.97,3318.0,30
2022-11-08,New York,Smartphone,315.28,201.88,1561.0,21
2022-12-15,New York,Headphones,866.84,594.49,3851.0,49
2022-04-03,New York,Headphones,1501.98,936.27,3294.0,9
2021-03-24,Los Angeles,Laptop,1438.65,903.83,4847.0,17
2021-05-25,Houston,Headphones,903.18,541.08,4662.0,5
2021-03-26,Los Angeles,Camera,758.4,507.57,1386.0,31
2021-03-19,Houston,Camera,855.46,646.02,1701.0,40
2022-04-02,Houston,Laptop,602.12,337.46,3606.0,38
2021-01-01,Chicago,Smartphone,490.13,382.46,1972.0,43
2021-02-20,Chicago,Smartphone,1017.78,719.29,2384.0,19
2022-11-16,Houston,Headphones,610.21,455.82,4937.0,36
2022-12-18,Houston,Headphones,646.18,430.91,1983.0,33
2022-03-22,Los Angeles,Headphones,1347.84,989.12,2511.0,13
2022-03-25,Los Angeles,Smartphone,,979.54,1351.0,14
2022-05-03,Chicago,Tablet,1246.91,929.59,2724.0,33
2021-02-03,New York,Camera,246.26,126.1,2951.0,29
2021-12-14,Houston,Tablet,243.61,186.84,2279.0,43
2021-04-05,Los Angeles,Tablet,1907.7,1521.56,4293.0,49
2021-03-13,Chicago,Smartphone,664.85,391.08,2907.0,36
2022-07-05,Los Angeles,Tablet,274.93,154.81,1752.0,44
2021-06-03,Houston,Laptop,1238.18,903.39,3828.0,10
2021-09-07,Houston,Headphones,1284.93,740.0,2024.0,31
2022-11-05,Phoenix,Laptop,,1012.0,1545.0,6
2022-03-14,New York,Camera,608.06,322.79,2469.0,1
2021-04-28,Phoenix,Headphones,128.71,69.22,1078.0,7
2021-11-02,Chicago,Tablet,1933.53,1534.73,2259.0,27
2021-09-25,Los Angeles,Camera,576.7,404.93,3381.0,21
2021-02-23,Chicago,Headphones,1384.45,1043.97,1888.0,28
2021-08-24,Houston,Tablet,1442.6,861.66,4420.0,16
2022-01-24,Phoenix,Laptop,1259.01,885.01,4169.0,46
2022-02-05,Phoenix,Headphones,694.52,471.07,2105.0,23
2022-09-16,Phoenix,Tablet,615.08,418.84,3549.0,20
2021-10-30,Chicago,Laptop,1235.57,870.78,2990.0,38
2021-07-26,Houston,Camera,1745.58,1174.09,2500.0,25
2021-08-17,Los Angeles,Camera,1898.79,1193.8,4998.0,28
2022-08-01,Los Angeles,Camera,301.22,175.54,4775.0,5
2021-03-16,Chicago,Camera,394.17,287.97,3812.0,21
2022-03-11,Phoenix,Smartphone,,1076.14,1920.0,18
2021-04-13,New York,Headphones,1499.42,1061.15,1549.0,47
2022-02-26,Chicago,Headphones,1777.69,1013.28,3061.0,6
2022-12-05,Chicago,Smartphone,485.0,333.49,1391.0,29
2021-11-02,Houston,Tablet,1216.41,880.83,4418.0,19
2021-04-08,Los Angeles,Tablet,1432.17,810.06,3357.0,33
2021-12-01,Chicago,Camera,1392.21,721.14,3433.0,1
2022-03-11,Chicago,Laptop,875.49,472.14,4280.0,45
2022-03-23,Phoenix,Tablet,129.25,88.12,2380.0,3
2021-11-04,Phoenix,Laptop,1207.56,911.51,1973.0,42
2021-09-06,New York,Headphones,580.89,298.29,4672.0,21
2021-06-15,Houston,Laptop,955.48,688.18,4639.0,35
2022-04-26,New York,Headphones,1919.4,1156.24,4165.0,41
2021-12-01,Phoenix,Smartphone,858.17,552.28,4164.0,40
2022-06-26,Los Angeles,Smartphone,1695.62,1320.31,1339.0,3
2021-04-16,Phoenix,Camera,458.23,274.75,3644.0,25
2022-07-17,Houston,Tablet,1377.67,881.16,4516.0,45
2021-03-22,Phoenix,Camera,1956.31,986.19,1756.0,38
2021-05-13,Houston,Headphones,,153.99,2045.0,45
2021-05-18,Houston,Camera,115.81,66.89,3338.0,20
2021-07-03,Houston,Laptop,923.81,469.62,4556.0,44
2022-02-05,Houston,Headphones,275.99,190.27,4855.0,45
2021-11-26,Houston,Smartphone,1521.93,955.65,3353.0,34
2022-05-23,Los Angeles,Tablet,1837.64,1221.01,3681.0,21
2021-03-10,New York,Headphones,924.64,,,48
2022-06-30,Chicago,Headphones,591.55,348.29,3672.0,23
2021-02-22,New York,Laptop,925.37,646.97,1938.0,6
2022-03-26,Houston,Tablet,1474.55,1164.29,4344.0,13
2021-07-24,Los Angeles,Smartphone,117.2,60.37,1847.0,49
2021-05-06,Phoenix,Headphones,,935.85,1441.0,23
2021-02-12,Los Angeles,Headphones,1265.25,851.59,3550.0,9
2021-04-21,Houston,Laptop,1311.61,877.7,1129.0,17
2022-10-25,Los Angeles,Camera,559.84,363.94,4203.0,2
2021-07-02,Los Angeles,Smartphone,1456.7,758.68,1596.0,19
2021-04-05,Houston,Tablet,273.64,144.2,2958.0,19
2022-01-09,Los Angeles,Headphones,,325.59,2505.0,7
2022-06-04,Chicago,Headphones,1767.19,1064.36,1861.0,42
2021-12-26,Chicago,Smartphone,1503.57,1165.54,4461.0,42
2022-11-27,Los Angeles,Camera,126.12,78.44,3640.0,20
2021-10-08,Phoenix,Headphones,571.91,310.54,1998.0,9
2021-07-14,Houston,Smartphone,507.37,362.47,,17
2021-07-14,Chicago,Laptop,614.53,361.35,4140.0,27
2022-10-29,Phoenix,Camera,570.36,375.09,4731.0,47
2021-04-03,Los Angeles,Tablet,218.8,155.21,3495.0,2
2022-11-03,Phoenix,Headphones,971.99,748.51,2551.0,36
2021-03-02,New York,Smartphone,1492.19,1100.72,3866.0,19
2022-09-26,Chicago,Laptop,1252.79,880.6,2640.0,17
2021-02-20,Los Angeles,Tablet,1378.46,970.28,4236.0,5
2022-02-07,Houston,Smartphone,254.18,199.22,2511.0,39
2021-01-05,Los Angeles,Smartphone,1907.83,1123.23,2736.0,18
2022-04-11,Houston,Tablet,,847.13,3756.0,7
2022-08-27,Los Angeles,Laptop,1629.67,947.79,2449.0,17
2022-11-13,Phoenix,Laptop,1663.67,940.58,4768.0,39
2022-06-18,Phoenix,Camera,1872.15,1307.79,2857.0,36
2022-02-09,Phoenix,Headphones,1134.08,,1264.0,40
2022-05-28,New York,Tablet,480.54,325.82,4946.0,45
2022-10-07,Houston,Tablet,1271.89,642.14,3659.0,4
2021-08-21,Phoenix,Tablet,1511.47,1086.19,4413.0,38
2022-06-08,New York,Laptop,1502.04,896.81,3879.0,25
2021-12-12,Houston,Headphones,1090.75,763.0,4797.0,5
2021-02-15,Los Angeles,Camera,230.07,153.45,4349.0,30
2022-06-30,New York,Smartphone,,485.34,3721.0,12
2021-03-19,Chicago,Smartphone,1849.46,999.4,2462.0,4
2022-12-31,New York,Tablet,1210.45,639.51,1156.0,24
2021-03-14,New York,Headphones,,841.51,2445.0,29
2021-09-06,Houston,Laptop,610.82,473.7,3298.0,9
2021-02-16,Los Angeles,Headphones,800.05,555.98,3925.0,4
2021-05-01,Chicago,Headphones,1801.16,956.47,2632.0,24
2021-08-02,Phoenix,Laptop,1366.28,847.92,3577.0,14
2021-08-27,Phoenix,Tablet,1596.04,1147.04,3374.0,5
2021-02-25,New York,Headphones,963.26,706.98,4008.0,18
2021-12-16,Houston,Smartphone,1297.47,694.75,1894.0,42
2021-04-17,Houston,Laptop,571.93,285.97,3144.0,19
2021-02-17,Phoenix,Camera,1440.38,1027.91,1512.0,12
2022-07-27,Chicago,Tablet,912.44,553.83,1215.0,18
2021-12-03,Los Angeles,Laptop,940.84,542.25,4203.0,17
2021-01-26,Chicago,Camera,1333.71,672.02,4331.0,30
2021-09-14,Los Angeles,Camera,1878.93,1244.02,3172.0,24
2021-01-08,Phoenix,Headphones,221.61,167.39,4153.0,11
2022-09-17,Los Angeles,Headphones,1667.01,1312.42,4354.0,35
2021-09-10,Houston,Headphones,655.53,439.02,2706.0,23
2022-11-23,New York,Laptop,943.45,617.34,3106.0,17
2022-12-20,New York,Laptop,141.64,74.43,2567.0,1
2021-10-30,Phoenix,Tablet,671.99,446.65,3208.0,15
2022-10-01,Houston,Headphones,,647.76,3331.0,32
2021-02-25,Chicago,Camera,206.73,141.02,3153.0,9
2022-12-27,Houston,Smartphone,1033.08,637.02,2128.0,15
2022-06-10,New York,Tablet,1861.51,1064.95,4510.0,28
2022-04-19,New York,Laptop,300.25,158.68,1227.0,24
2021-01-28,Houston,Tablet,1552.44,,4771.0,35
2021-03-19,Houston,Tablet,878.38,464.66,4653.0,22
2021-08-04,New York,Tablet,1344.83,743.78,3365.0,27
2022-01-21,Chicago,Tablet,594.45,473.3,2487.0,19
2021-12-31,Phoenix,Smartphone,403.04,255.22,1801.0,45
2022-10-28,Phoenix,Headphones,404.88,267.04,2622.0,12
2022-06-10,Houston,Camera,233.93,178.27,2905.0,20
2022-11-30,Phoenix,Tablet,452.73,361.58,3921.0,1
2021-11-08,New York,Tablet,1362.02,919.11,1471.0,21
2021-01-07,New York,Tablet,1775.21,1320.3,2079.0,49
2021-01-03,Houston,Headphones,1646.84,984.95,3672.0,45
2022-09-15,Houston,Laptop,1401.76,829.45,3060.0,1
2021-12-29,Houston,Laptop,309.82,192.34,,10
2022-05-23,Chicago,Smartphone,649.46,455.76,2041.0,47
2021-10-01,Phoenix,Laptop,688.63,,3741.0,32
2022-05-21,Houston,Tablet,574.92,341.83,4020.0,39
2021-01-15,Los Angeles,Tablet,1078.51,582.36,3160.0,22
2021-07-11,Los Angeles,Tablet,1117.55,770.8,1228.0,18
2022-09-23,New York,Smartphone,778.08,418.99,1170.0,48
2022-04-30,Phoenix,Tablet,772.2,520.11,1294.0,46
2021-01-28,Houston,Laptop,1674.26,,1188.0,32
2022-12-15,Los Angeles,Headphones,1599.66,1136.05,1425.0,27
2021-02-08,Phoenix,Headphones,684.81,497.2,1976.0,28
2021-09-30,New York,Camera,1836.2,1398.92,2102.0,18
2021-08-19,Chicago,Laptop,1910.35,1241.7,3705.0,39
2021-03-27,Phoenix,Tablet,720.81,518.32,1918.0,49
2022-04-19,Phoenix,Headphones,773.41,530.37,4253.0,29
2021-05-06,Chicago,Laptop,1060.7,589.74,1498.0,18
2022-06-21,Phoenix,Headphones,1888.13,958.62,2821.0,44
2021-05-25,New York,Tablet,1765.01,1033.17,3809.0,8
2022-06-09,New York,Headphones,294.88,186.63,1865.0,31
2021-07-31,Chicago,Camera,846.19,579.75,1825.0,34
2021-01-25,Houston,Camera,1151.41,,4779.0,7
2022-08-03,Los Angeles,Headphones,1055.95,590.14,2858.0,36
2022-01-29,Houston,Laptop,468.34,251.81,3118.0,18
2021-03-08,Phoenix,Laptop,1731.75,1366.43,3295.0,38
2021-08-21,Los Angeles,Laptop,1386.19,738.03,1145.0,9
2021-04-19,Chicago,Headphones,1692.03,1088.9,2641.0,9
2021-05-26,Chicago,Laptop,1731.65,1170.02,4846.0,46
2021-04-21,Los Angeles,Tablet,1521.88,1008.11,2319.0,8
2021-08-16,New York,Camera,934.5,491.37,3629.0,35
2021-04-21,Los Angeles,Tablet,1260.04,651.58,1469.0,18
2022-04-15,Phoenix,Laptop,404.69,215.15,4577.0,5
2021-02-03,New York,Tablet,1379.93,932.39,1192.0,14
2022-09-15,Chicago,Laptop,440.58,292.24,2091.0,28
2022-01-04,Los Angeles,Headphones,1418.5,808.72,3541.0,30
2022-08-18,Houston,Tablet,536.24,370.72,4888.0,4
2022-07-08,Houston,Headphones,323.35,241.23,1051.0,39
2022-03-01,Phoenix,Headphones,414.04,212.18,3929.0,20
2022-09-05,Houston,Smartphone,103.79,67.41,3410.0,25
2022-06-02,Los Angeles,Laptop,1465.61,1035.88,2820.0,28
2022-11-23,Los Angeles,Camera,1491.56,858.68,3964.0,12
2021-10-09,Houston,Laptop,1078.37,638.75,3521.0,2
2021-11-16,Los Angeles,Camera,406.59,278.14,2869.0,43
2022-03-19,Phoenix,Laptop,258.75,199.08,3568.0,14
2021-11-11,New York,Headphones,136.35,101.3,2786.0,22
2022-01-12,Phoenix,Tablet,414.92,280.05,2454.0,31
2021-10-16,Phoenix,Tablet,1792.63,1289.02,2867.0,23
2022-03-13,Los Angeles,Smartphone,558.92,340.63,4369.0,48
2022-10-24,New York,Camera,773.12,535.22,4506.0,20
2021-10-04,Los Angeles,Camera,300.16,192.06,4767.0,38
2022-12-11,Chicago,Camera,522.49,291.02,3738.0,4
2022-08-05,Los Angeles,Headphones,1086.53,772.0,4269.0,15
2022-05-18,Los Angeles,Camera,1254.73,836.83,4199.0,24
2022-09-16,Los Angeles,Tablet,566.17,344.0,3579.0,25
2022-05-31,New York,Headphones,209.69,162.17,3007.0,1
2021-12-16,Los Angeles,Laptop,842.96,426.77,2434.0,7
2022-03-22,New York,Camera,544.99,324.12,1839.0,31
2021-12-16,Houston,Camera,517.15,267.4,4136.0,12
2022-08-30,Chicago,Laptop,1923.74,1404.25,4765.0,42
2022-10-26,New York,Camera,1270.97,903.19,1240.0,5
2021-05-17,Houston,Laptop,1158.07,694.15,4440.0,44
2021-08-31,New York,Headphones,889.97,,1535.0,42
2022-06-27,New York,Tablet,914.99,566.18,2407.0,38
2021-02-09,Chicago,Laptop,1127.72,819.71,4502.0,12
2021-08-17,Phoenix,Smartphone,1423.22,905.53,1082.0,39
2022-07-02,Phoenix,Laptop,1434.08,894.41,1981.0,18
2021-08-11,New York,Camera,426.22,332.63,4902.0,2
2021-01-06,Los Angeles,Headphones,1050.21,604.15,4768.0,10
2021-11-18,Houston,Headphones,882.72,473.26,1950.0,15
2022-04-13,Los Angeles,Laptop,1754.0,1184.59,4899.0,30
2021-03-16,Los Angeles,Tablet,,1027.8,1610.0,44
2021-01-04,New York,Smartphone,1111.76,681.9,1573.0,17
2022-10-08,New York,Headphones,319.25,165.57,3333.0,4
2021-04-28,New York,Camera,1250.71,752.67,1988.0,7
2022-08-29,New York,Camera,322.69,210.32,4605.0,41
2022-05-19,Phoenix,Tablet,740.69,406.33,1458.0,31
2022-07-28,New York,Headphones,371.4,259.03,4283.0,39
2022-03-17,Phoenix,Laptop,1414.94,1131.0,3173.0,34
2021-07-13,Phoenix,Camera,491.88,312.6,4484.0,6
2022-12-16,New York,Tablet,844.53,512.14,2522.0,38
2022-01-27,Chicago,Headphones,1801.78,1117.48,3472.0,45
2021-01-26,Houston,Headphones,488.2,260.96,3601.0,34
2022-03-11,Los Angeles,Headphones,1064.83,814.58,3657.0,44
2021-06-22,Phoenix,Headphones,896.62,559.89,2984.0,15
2021-10-27,Houston,Headphones,134.44,82.84,2566.0,14
2022-10-07,Chicago,Camera,1606.24,1121.01,,6
2021-11-22,Los Angeles,Tablet,231.19,146.25,3159.0,37
2022-02-14,Los Angeles,Headphones,1001.08,695.22,3449.0,32
2021-04-28,Phoenix,Smartphone,1165.29,604.13,4830.0,3
2022-12-25,New York,Smartphone,1294.01,962.89,1121.0,3
2021-08-13,Chicago,Tablet,1408.4,1101.58,1272.0,22
2022-06-16,Phoenix,Laptop,581.22,403.73,2317.0,22
2021-04-23,Chicago,Laptop,118.96,93.55,1397.0,10
2021-05-20,New York,Laptop,1474.54,804.26,3518.0,3
2022-07-13,New York,Smartphone,1117.75,718.96,1984.0,12
2021-01-01,Phoenix,Laptop,1688.62,1149.18,2230.0,29
2021-03-31,New York,Camera,1660.64,1120.14,2133.0,48
2022-10-16,Houston,Headphones,1702.32,1056.18,4511.0,17
2021-11-16,Los Angeles,Smartphone,1021.68,614.46,2301.0,7
2022-07-04,Phoenix,Tablet,733.89,394.87,4639.0,13
2021-05-19,Chicago,Tablet,1603.96,990.48,2910.0,2
2022-05-26,Houston,Headphones,957.46,525.45,4986.0,4
2021-09-16,Phoenix,Smartphone,448.54,323.09,3616.0,10
2022-11-04,New York,Laptop,1724.45,970.26,2505.0,39
2022-11-21,New York,Laptop,1776.86,919.65,4874.0,24
2021-01-10,New York,Camera,985.99,656.38,4185.0,17
2021-09-18,New York,Camera,243.83,165.46,2916.0,6
2022-10-12,Chicago,Laptop,836.87,637.34,3944.0,19
2021-06-21,Houston,Tablet,1626.72,1094.94,1819.0,5
2021-01-13,Los Angeles,Tablet,1813.37,1094.63,3900.0,32
2021-06-17,Chicago,Camera,486.6,360.52,4548.0,10
2022-10-04,Chicago,Headphones,227.25,150.46,3757.0,9
2022-08-19,Los Angeles,Laptop,1766.97,925.51,2956.0,27
2021-11-17,Los Angeles,Camera,839.87,562.51,3368.0,13
2021-11-15,New York,Camera,1129.35,872.32,1178.0,19
2022-09-05,Chicago,Laptop,1939.33,1200.24,1896.0,21
